,0
0,http://www.foodnetwork.com/recipes/a-z.123.1.html
1,http://www.foodnetwork.com/recipes/a-z.123.2.html
2,http://www.foodnetwork.com/recipes/a-z.A.1.html
3,http://www.foodnetwork.com/recipes/a-z.A.2.html
4,http://www.foodnetwork.com/recipes/a-z.A.3.html
5,http://www.foodnetwork.com/recipes/a-z.A.4.html
6,http://www.foodnetwork.com/recipes/a-z.A.5.html
7,http://www.foodnetwork.com/recipes/a-z.A.6.html
8,http://www.foodnetwork.com/recipes/a-z.A.7.html
9,http://www.foodnetwork.com/recipes/a-z.A.8.html
10,http://www.foodnetwork.com/recipes/a-z.A.9.html
11,http://www.foodnetwork.com/recipes/a-z.A.10.html
12,http://www.foodnetwork.com/recipes/a-z.A.11.html
13,http://www.foodnetwork.com/recipes/a-z.A.12.html
14,http://www.foodnetwork.com/recipes/a-z.A.13.html
15,http://www.foodnetwork.com/recipes/a-z.A.14.html
16,http://www.foodnetwork.com/recipes/a-z.B.1.html
17,http://www.foodnetwork.com/recipes/a-z.B.2.html
18,http://www.foodnetwork.com/recipes/a-z.B.3.html
19,http://www.foodnetwork.com/recipes/a-z.B.4.html
20,http://www.foodnetwork.com/recipes/a-z.B.5.html
21,http://www.foodnetwork.com/recipes/a-z.B.6.html
22,http://www.foodnetwork.com/recipes/a-z.B.7.html
23,http://www.foodnetwork.com/recipes/a-z.B.8.html
24,http://www.foodnetwork.com/recipes/a-z.B.9.html
25,http://www.foodnetwork.com/recipes/a-z.B.10.html
26,http://www.foodnetwork.com/recipes/a-z.B.11.html
27,http://www.foodnetwork.com/recipes/a-z.B.12.html
28,http://www.foodnetwork.com/recipes/a-z.B.13.html
29,http://www.foodnetwork.com/recipes/a-z.B.14.html
30,http://www.foodnetwork.com/recipes/a-z.B.15.html
31,http://www.foodnetwork.com/recipes/a-z.B.16.html
32,http://www.foodnetwork.com/recipes/a-z.B.17.html
33,http://www.foodnetwork.com/recipes/a-z.B.18.html
34,http://www.foodnetwork.com/recipes/a-z.B.19.html
35,http://www.foodnetwork.com/recipes/a-z.B.20.html
36,http://www.foodnetwork.com/recipes/a-z.B.21.html
37,http://www.foodnetwork.com/recipes/a-z.B.22.html
38,http://www.foodnetwork.com/recipes/a-z.B.23.html
39,http://www.foodnetwork.com/recipes/a-z.B.24.html
40,http://www.foodnetwork.com/recipes/a-z.B.25.html
41,http://www.foodnetwork.com/recipes/a-z.B.26.html
42,http://www.foodnetwork.com/recipes/a-z.B.27.html
43,http://www.foodnetwork.com/recipes/a-z.B.28.html
44,http://www.foodnetwork.com/recipes/a-z.B.29.html
45,http://www.foodnetwork.com/recipes/a-z.B.30.html
46,http://www.foodnetwork.com/recipes/a-z.B.31.html
47,http://www.foodnetwork.com/recipes/a-z.B.32.html
48,http://www.foodnetwork.com/recipes/a-z.B.33.html
49,http://www.foodnetwork.com/recipes/a-z.B.34.html
50,http://www.foodnetwork.com/recipes/a-z.B.35.html
51,http://www.foodnetwork.com/recipes/a-z.B.36.html
52,http://www.foodnetwork.com/recipes/a-z.B.37.html
53,http://www.foodnetwork.com/recipes/a-z.B.38.html
54,http://www.foodnetwork.com/recipes/a-z.B.39.html
55,http://www.foodnetwork.com/recipes/a-z.B.40.html
56,http://www.foodnetwork.com/recipes/a-z.C.1.html
57,http://www.foodnetwork.com/recipes/a-z.C.2.html
58,http://www.foodnetwork.com/recipes/a-z.C.3.html
59,http://www.foodnetwork.com/recipes/a-z.C.4.html
60,http://www.foodnetwork.com/recipes/a-z.C.5.html
61,http://www.foodnetwork.com/recipes/a-z.C.6.html
62,http://www.foodnetwork.com/recipes/a-z.C.7.html
63,http://www.foodnetwork.com/recipes/a-z.C.8.html
64,http://www.foodnetwork.com/recipes/a-z.C.9.html
65,http://www.foodnetwork.com/recipes/a-z.C.10.html
66,http://www.foodnetwork.com/recipes/a-z.C.11.html
67,http://www.foodnetwork.com/recipes/a-z.C.12.html
68,http://www.foodnetwork.com/recipes/a-z.C.13.html
69,http://www.foodnetwork.com/recipes/a-z.C.14.html
70,http://www.foodnetwork.com/recipes/a-z.C.15.html
71,http://www.foodnetwork.com/recipes/a-z.C.16.html
72,http://www.foodnetwork.com/recipes/a-z.C.17.html
73,http://www.foodnetwork.com/recipes/a-z.C.18.html
74,http://www.foodnetwork.com/recipes/a-z.C.19.html
75,http://www.foodnetwork.com/recipes/a-z.C.20.html
76,http://www.foodnetwork.com/recipes/a-z.C.21.html
77,http://www.foodnetwork.com/recipes/a-z.C.22.html
78,http://www.foodnetwork.com/recipes/a-z.C.23.html
79,http://www.foodnetwork.com/recipes/a-z.C.24.html
80,http://www.foodnetwork.com/recipes/a-z.C.25.html
81,http://www.foodnetwork.com/recipes/a-z.C.26.html
82,http://www.foodnetwork.com/recipes/a-z.C.27.html
83,http://www.foodnetwork.com/recipes/a-z.C.28.html
84,http://www.foodnetwork.com/recipes/a-z.C.29.html
85,http://www.foodnetwork.com/recipes/a-z.C.30.html
86,http://www.foodnetwork.com/recipes/a-z.C.31.html
87,http://www.foodnetwork.com/recipes/a-z.C.32.html
88,http://www.foodnetwork.com/recipes/a-z.C.33.html
89,http://www.foodnetwork.com/recipes/a-z.C.34.html
90,http://www.foodnetwork.com/recipes/a-z.C.35.html
91,http://www.foodnetwork.com/recipes/a-z.C.36.html
92,http://www.foodnetwork.com/recipes/a-z.C.37.html
93,http://www.foodnetwork.com/recipes/a-z.C.38.html
94,http://www.foodnetwork.com/recipes/a-z.C.39.html
95,http://www.foodnetwork.com/recipes/a-z.C.40.html
96,http://www.foodnetwork.com/recipes/a-z.C.41.html
97,http://www.foodnetwork.com/recipes/a-z.C.42.html
98,http://www.foodnetwork.com/recipes/a-z.C.43.html
99,http://www.foodnetwork.com/recipes/a-z.C.44.html
100,http://www.foodnetwork.com/recipes/a-z.C.45.html
101,http://www.foodnetwork.com/recipes/a-z.C.46.html
102,http://www.foodnetwork.com/recipes/a-z.C.47.html
103,http://www.foodnetwork.com/recipes/a-z.C.48.html
104,http://www.foodnetwork.com/recipes/a-z.C.49.html
105,http://www.foodnetwork.com/recipes/a-z.C.50.html
106,http://www.foodnetwork.com/recipes/a-z.C.51.html
107,http://www.foodnetwork.com/recipes/a-z.C.52.html
108,http://www.foodnetwork.com/recipes/a-z.C.53.html
109,http://www.foodnetwork.com/recipes/a-z.C.54.html
110,http://www.foodnetwork.com/recipes/a-z.C.55.html
111,http://www.foodnetwork.com/recipes/a-z.C.56.html
112,http://www.foodnetwork.com/recipes/a-z.C.57.html
113,http://www.foodnetwork.com/recipes/a-z.C.58.html
114,http://www.foodnetwork.com/recipes/a-z.C.59.html
115,http://www.foodnetwork.com/recipes/a-z.C.60.html
116,http://www.foodnetwork.com/recipes/a-z.C.61.html
117,http://www.foodnetwork.com/recipes/a-z.C.62.html
118,http://www.foodnetwork.com/recipes/a-z.C.63.html
119,http://www.foodnetwork.com/recipes/a-z.C.64.html
120,http://www.foodnetwork.com/recipes/a-z.C.65.html
121,http://www.foodnetwork.com/recipes/a-z.C.66.html
122,http://www.foodnetwork.com/recipes/a-z.C.67.html
123,http://www.foodnetwork.com/recipes/a-z.D.1.html
124,http://www.foodnetwork.com/recipes/a-z.D.2.html
125,http://www.foodnetwork.com/recipes/a-z.D.3.html
126,http://www.foodnetwork.com/recipes/a-z.D.4.html
127,http://www.foodnetwork.com/recipes/a-z.D.5.html
128,http://www.foodnetwork.com/recipes/a-z.D.6.html
129,http://www.foodnetwork.com/recipes/a-z.D.7.html
130,http://www.foodnetwork.com/recipes/a-z.D.8.html
131,http://www.foodnetwork.com/recipes/a-z.E.1.html
132,http://www.foodnetwork.com/recipes/a-z.E.2.html
133,http://www.foodnetwork.com/recipes/a-z.E.3.html
134,http://www.foodnetwork.com/recipes/a-z.E.4.html
135,http://www.foodnetwork.com/recipes/a-z.E.5.html
136,http://www.foodnetwork.com/recipes/a-z.E.6.html
137,http://www.foodnetwork.com/recipes/a-z.E.7.html
138,http://www.foodnetwork.com/recipes/a-z.E.8.html
139,http://www.foodnetwork.com/recipes/a-z.E.9.html
140,http://www.foodnetwork.com/recipes/a-z.F.1.html
141,http://www.foodnetwork.com/recipes/a-z.F.2.html
142,http://www.foodnetwork.com/recipes/a-z.F.3.html
143,http://www.foodnetwork.com/recipes/a-z.F.4.html
144,http://www.foodnetwork.com/recipes/a-z.F.5.html
145,http://www.foodnetwork.com/recipes/a-z.F.6.html
146,http://www.foodnetwork.com/recipes/a-z.F.7.html
147,http://www.foodnetwork.com/recipes/a-z.F.8.html
148,http://www.foodnetwork.com/recipes/a-z.F.9.html
149,http://www.foodnetwork.com/recipes/a-z.F.10.html
150,http://www.foodnetwork.com/recipes/a-z.F.11.html
151,http://www.foodnetwork.com/recipes/a-z.F.12.html
152,http://www.foodnetwork.com/recipes/a-z.F.13.html
153,http://www.foodnetwork.com/recipes/a-z.F.14.html
154,http://www.foodnetwork.com/recipes/a-z.F.15.html
155,http://www.foodnetwork.com/recipes/a-z.F.16.html
156,http://www.foodnetwork.com/recipes/a-z.F.17.html
157,http://www.foodnetwork.com/recipes/a-z.F.18.html
158,http://www.foodnetwork.com/recipes/a-z.F.19.html
159,http://www.foodnetwork.com/recipes/a-z.G.1.html
160,http://www.foodnetwork.com/recipes/a-z.G.2.html
161,http://www.foodnetwork.com/recipes/a-z.G.3.html
162,http://www.foodnetwork.com/recipes/a-z.G.4.html
163,http://www.foodnetwork.com/recipes/a-z.G.5.html
164,http://www.foodnetwork.com/recipes/a-z.G.6.html
165,http://www.foodnetwork.com/recipes/a-z.G.7.html
166,http://www.foodnetwork.com/recipes/a-z.G.8.html
167,http://www.foodnetwork.com/recipes/a-z.G.9.html
168,http://www.foodnetwork.com/recipes/a-z.G.10.html
169,http://www.foodnetwork.com/recipes/a-z.G.11.html
170,http://www.foodnetwork.com/recipes/a-z.G.12.html
171,http://www.foodnetwork.com/recipes/a-z.G.13.html
172,http://www.foodnetwork.com/recipes/a-z.G.14.html
173,http://www.foodnetwork.com/recipes/a-z.G.15.html
174,http://www.foodnetwork.com/recipes/a-z.G.16.html
175,http://www.foodnetwork.com/recipes/a-z.G.17.html
176,http://www.foodnetwork.com/recipes/a-z.G.18.html
177,http://www.foodnetwork.com/recipes/a-z.G.19.html
178,http://www.foodnetwork.com/recipes/a-z.G.20.html
179,http://www.foodnetwork.com/recipes/a-z.G.21.html
180,http://www.foodnetwork.com/recipes/a-z.G.22.html
181,http://www.foodnetwork.com/recipes/a-z.G.23.html
182,http://www.foodnetwork.com/recipes/a-z.G.24.html
183,http://www.foodnetwork.com/recipes/a-z.G.25.html
184,http://www.foodnetwork.com/recipes/a-z.G.26.html
185,http://www.foodnetwork.com/recipes/a-z.G.27.html
186,http://www.foodnetwork.com/recipes/a-z.G.28.html
187,http://www.foodnetwork.com/recipes/a-z.G.29.html
188,http://www.foodnetwork.com/recipes/a-z.G.30.html
189,http://www.foodnetwork.com/recipes/a-z.H.1.html
190,http://www.foodnetwork.com/recipes/a-z.H.2.html
191,http://www.foodnetwork.com/recipes/a-z.H.3.html
192,http://www.foodnetwork.com/recipes/a-z.H.4.html
193,http://www.foodnetwork.com/recipes/a-z.H.5.html
194,http://www.foodnetwork.com/recipes/a-z.H.6.html
195,http://www.foodnetwork.com/recipes/a-z.H.7.html
196,http://www.foodnetwork.com/recipes/a-z.H.8.html
197,http://www.foodnetwork.com/recipes/a-z.H.9.html
198,http://www.foodnetwork.com/recipes/a-z.H.10.html
199,http://www.foodnetwork.com/recipes/a-z.H.11.html
200,http://www.foodnetwork.com/recipes/a-z.H.12.html
201,http://www.foodnetwork.com/recipes/a-z.H.13.html
202,http://www.foodnetwork.com/recipes/a-z.H.14.html
203,http://www.foodnetwork.com/recipes/a-z.H.15.html
204,http://www.foodnetwork.com/recipes/a-z.I.1.html
205,http://www.foodnetwork.com/recipes/a-z.I.2.html
206,http://www.foodnetwork.com/recipes/a-z.I.3.html
207,http://www.foodnetwork.com/recipes/a-z.I.4.html
208,http://www.foodnetwork.com/recipes/a-z.I.5.html
209,http://www.foodnetwork.com/recipes/a-z.J.1.html
210,http://www.foodnetwork.com/recipes/a-z.J.2.html
211,http://www.foodnetwork.com/recipes/a-z.J.3.html
212,http://www.foodnetwork.com/recipes/a-z.J.4.html
213,http://www.foodnetwork.com/recipes/a-z.K.1.html
214,http://www.foodnetwork.com/recipes/a-z.K.2.html
215,http://www.foodnetwork.com/recipes/a-z.K.3.html
216,http://www.foodnetwork.com/recipes/a-z.K.4.html
217,http://www.foodnetwork.com/recipes/a-z.K.5.html
218,http://www.foodnetwork.com/recipes/a-z.L.1.html
219,http://www.foodnetwork.com/recipes/a-z.L.2.html
220,http://www.foodnetwork.com/recipes/a-z.L.3.html
221,http://www.foodnetwork.com/recipes/a-z.L.4.html
222,http://www.foodnetwork.com/recipes/a-z.L.5.html
223,http://www.foodnetwork.com/recipes/a-z.L.6.html
224,http://www.foodnetwork.com/recipes/a-z.L.7.html
225,http://www.foodnetwork.com/recipes/a-z.L.8.html
226,http://www.foodnetwork.com/recipes/a-z.L.9.html
227,http://www.foodnetwork.com/recipes/a-z.L.10.html
228,http://www.foodnetwork.com/recipes/a-z.L.11.html
229,http://www.foodnetwork.com/recipes/a-z.L.12.html
230,http://www.foodnetwork.com/recipes/a-z.L.13.html
231,http://www.foodnetwork.com/recipes/a-z.M.1.html
232,http://www.foodnetwork.com/recipes/a-z.M.2.html
233,http://www.foodnetwork.com/recipes/a-z.M.3.html
234,http://www.foodnetwork.com/recipes/a-z.M.4.html
235,http://www.foodnetwork.com/recipes/a-z.M.5.html
236,http://www.foodnetwork.com/recipes/a-z.M.6.html
237,http://www.foodnetwork.com/recipes/a-z.M.7.html
238,http://www.foodnetwork.com/recipes/a-z.M.8.html
239,http://www.foodnetwork.com/recipes/a-z.M.9.html
240,http://www.foodnetwork.com/recipes/a-z.M.10.html
241,http://www.foodnetwork.com/recipes/a-z.M.11.html
242,http://www.foodnetwork.com/recipes/a-z.M.12.html
243,http://www.foodnetwork.com/recipes/a-z.M.13.html
244,http://www.foodnetwork.com/recipes/a-z.M.14.html
245,http://www.foodnetwork.com/recipes/a-z.M.15.html
246,http://www.foodnetwork.com/recipes/a-z.M.16.html
247,http://www.foodnetwork.com/recipes/a-z.M.17.html
248,http://www.foodnetwork.com/recipes/a-z.M.18.html
249,http://www.foodnetwork.com/recipes/a-z.M.19.html
250,http://www.foodnetwork.com/recipes/a-z.M.20.html
251,http://www.foodnetwork.com/recipes/a-z.M.21.html
252,http://www.foodnetwork.com/recipes/a-z.M.22.html
253,http://www.foodnetwork.com/recipes/a-z.M.23.html
254,http://www.foodnetwork.com/recipes/a-z.M.24.html
255,http://www.foodnetwork.com/recipes/a-z.M.25.html
256,http://www.foodnetwork.com/recipes/a-z.N.1.html
257,http://www.foodnetwork.com/recipes/a-z.N.2.html
258,http://www.foodnetwork.com/recipes/a-z.N.3.html
259,http://www.foodnetwork.com/recipes/a-z.N.4.html
260,http://www.foodnetwork.com/recipes/a-z.N.5.html
261,http://www.foodnetwork.com/recipes/a-z.O.1.html
262,http://www.foodnetwork.com/recipes/a-z.O.2.html
263,http://www.foodnetwork.com/recipes/a-z.O.3.html
264,http://www.foodnetwork.com/recipes/a-z.O.4.html
265,http://www.foodnetwork.com/recipes/a-z.O.5.html
266,http://www.foodnetwork.com/recipes/a-z.O.6.html
267,http://www.foodnetwork.com/recipes/a-z.O.7.html
268,http://www.foodnetwork.com/recipes/a-z.O.8.html
269,http://www.foodnetwork.com/recipes/a-z.O.9.html
270,http://www.foodnetwork.com/recipes/a-z.P.1.html
271,http://www.foodnetwork.com/recipes/a-z.P.2.html
272,http://www.foodnetwork.com/recipes/a-z.P.3.html
273,http://www.foodnetwork.com/recipes/a-z.P.4.html
274,http://www.foodnetwork.com/recipes/a-z.P.5.html
275,http://www.foodnetwork.com/recipes/a-z.P.6.html
276,http://www.foodnetwork.com/recipes/a-z.P.7.html
277,http://www.foodnetwork.com/recipes/a-z.P.8.html
278,http://www.foodnetwork.com/recipes/a-z.P.9.html
279,http://www.foodnetwork.com/recipes/a-z.P.10.html
280,http://www.foodnetwork.com/recipes/a-z.P.11.html
281,http://www.foodnetwork.com/recipes/a-z.P.12.html
282,http://www.foodnetwork.com/recipes/a-z.P.13.html
283,http://www.foodnetwork.com/recipes/a-z.P.14.html
284,http://www.foodnetwork.com/recipes/a-z.P.15.html
285,http://www.foodnetwork.com/recipes/a-z.P.16.html
286,http://www.foodnetwork.com/recipes/a-z.P.17.html
287,http://www.foodnetwork.com/recipes/a-z.P.18.html
288,http://www.foodnetwork.com/recipes/a-z.P.19.html
289,http://www.foodnetwork.com/recipes/a-z.P.20.html
290,http://www.foodnetwork.com/recipes/a-z.P.21.html
291,http://www.foodnetwork.com/recipes/a-z.P.22.html
292,http://www.foodnetwork.com/recipes/a-z.P.23.html
293,http://www.foodnetwork.com/recipes/a-z.P.24.html
294,http://www.foodnetwork.com/recipes/a-z.P.25.html
295,http://www.foodnetwork.com/recipes/a-z.P.26.html
296,http://www.foodnetwork.com/recipes/a-z.P.27.html
297,http://www.foodnetwork.com/recipes/a-z.P.28.html
298,http://www.foodnetwork.com/recipes/a-z.P.29.html
299,http://www.foodnetwork.com/recipes/a-z.P.30.html
300,http://www.foodnetwork.com/recipes/a-z.P.31.html
301,http://www.foodnetwork.com/recipes/a-z.P.32.html
302,http://www.foodnetwork.com/recipes/a-z.P.33.html
303,http://www.foodnetwork.com/recipes/a-z.P.34.html
304,http://www.foodnetwork.com/recipes/a-z.P.35.html
305,http://www.foodnetwork.com/recipes/a-z.P.36.html
306,http://www.foodnetwork.com/recipes/a-z.P.37.html
307,http://www.foodnetwork.com/recipes/a-z.P.38.html
308,http://www.foodnetwork.com/recipes/a-z.Q.1.html
309,http://www.foodnetwork.com/recipes/a-z.Q.2.html
310,http://www.foodnetwork.com/recipes/a-z.Q.3.html
311,http://www.foodnetwork.com/recipes/a-z.R.1.html
312,http://www.foodnetwork.com/recipes/a-z.R.2.html
313,http://www.foodnetwork.com/recipes/a-z.R.3.html
314,http://www.foodnetwork.com/recipes/a-z.R.4.html
315,http://www.foodnetwork.com/recipes/a-z.R.5.html
316,http://www.foodnetwork.com/recipes/a-z.R.6.html
317,http://www.foodnetwork.com/recipes/a-z.R.7.html
318,http://www.foodnetwork.com/recipes/a-z.R.8.html
319,http://www.foodnetwork.com/recipes/a-z.R.9.html
320,http://www.foodnetwork.com/recipes/a-z.R.10.html
321,http://www.foodnetwork.com/recipes/a-z.R.11.html
322,http://www.foodnetwork.com/recipes/a-z.R.12.html
323,http://www.foodnetwork.com/recipes/a-z.R.13.html
324,http://www.foodnetwork.com/recipes/a-z.R.14.html
325,http://www.foodnetwork.com/recipes/a-z.R.15.html
326,http://www.foodnetwork.com/recipes/a-z.R.16.html
327,http://www.foodnetwork.com/recipes/a-z.R.17.html
328,http://www.foodnetwork.com/recipes/a-z.R.18.html
329,http://www.foodnetwork.com/recipes/a-z.R.19.html
330,http://www.foodnetwork.com/recipes/a-z.R.20.html
331,http://www.foodnetwork.com/recipes/a-z.R.21.html
332,http://www.foodnetwork.com/recipes/a-z.R.22.html
333,http://www.foodnetwork.com/recipes/a-z.R.23.html
334,http://www.foodnetwork.com/recipes/a-z.R.24.html
335,http://www.foodnetwork.com/recipes/a-z.S.1.html
336,http://www.foodnetwork.com/recipes/a-z.S.2.html
337,http://www.foodnetwork.com/recipes/a-z.S.3.html
338,http://www.foodnetwork.com/recipes/a-z.S.4.html
339,http://www.foodnetwork.com/recipes/a-z.S.5.html
340,http://www.foodnetwork.com/recipes/a-z.S.6.html
341,http://www.foodnetwork.com/recipes/a-z.S.7.html
342,http://www.foodnetwork.com/recipes/a-z.S.8.html
343,http://www.foodnetwork.com/recipes/a-z.S.9.html
344,http://www.foodnetwork.com/recipes/a-z.S.10.html
345,http://www.foodnetwork.com/recipes/a-z.S.11.html
346,http://www.foodnetwork.com/recipes/a-z.S.12.html
347,http://www.foodnetwork.com/recipes/a-z.S.13.html
348,http://www.foodnetwork.com/recipes/a-z.S.14.html
349,http://www.foodnetwork.com/recipes/a-z.S.15.html
350,http://www.foodnetwork.com/recipes/a-z.S.16.html
351,http://www.foodnetwork.com/recipes/a-z.S.17.html
352,http://www.foodnetwork.com/recipes/a-z.S.18.html
353,http://www.foodnetwork.com/recipes/a-z.S.19.html
354,http://www.foodnetwork.com/recipes/a-z.S.20.html
355,http://www.foodnetwork.com/recipes/a-z.S.21.html
356,http://www.foodnetwork.com/recipes/a-z.S.22.html
357,http://www.foodnetwork.com/recipes/a-z.S.23.html
358,http://www.foodnetwork.com/recipes/a-z.S.24.html
359,http://www.foodnetwork.com/recipes/a-z.S.25.html
360,http://www.foodnetwork.com/recipes/a-z.S.26.html
361,http://www.foodnetwork.com/recipes/a-z.S.27.html
362,http://www.foodnetwork.com/recipes/a-z.S.28.html
363,http://www.foodnetwork.com/recipes/a-z.S.29.html
364,http://www.foodnetwork.com/recipes/a-z.S.30.html
365,http://www.foodnetwork.com/recipes/a-z.S.31.html
366,http://www.foodnetwork.com/recipes/a-z.S.32.html
367,http://www.foodnetwork.com/recipes/a-z.S.33.html
368,http://www.foodnetwork.com/recipes/a-z.S.34.html
369,http://www.foodnetwork.com/recipes/a-z.S.35.html
370,http://www.foodnetwork.com/recipes/a-z.S.36.html
371,http://www.foodnetwork.com/recipes/a-z.S.37.html
372,http://www.foodnetwork.com/recipes/a-z.S.38.html
373,http://www.foodnetwork.com/recipes/a-z.S.39.html
374,http://www.foodnetwork.com/recipes/a-z.S.40.html
375,http://www.foodnetwork.com/recipes/a-z.S.41.html
376,http://www.foodnetwork.com/recipes/a-z.S.42.html
377,http://www.foodnetwork.com/recipes/a-z.S.43.html
378,http://www.foodnetwork.com/recipes/a-z.S.44.html
379,http://www.foodnetwork.com/recipes/a-z.S.45.html
380,http://www.foodnetwork.com/recipes/a-z.S.46.html
381,http://www.foodnetwork.com/recipes/a-z.S.47.html
382,http://www.foodnetwork.com/recipes/a-z.S.48.html
383,http://www.foodnetwork.com/recipes/a-z.S.49.html
384,http://www.foodnetwork.com/recipes/a-z.S.50.html
385,http://www.foodnetwork.com/recipes/a-z.S.51.html
386,http://www.foodnetwork.com/recipes/a-z.S.52.html
387,http://www.foodnetwork.com/recipes/a-z.S.53.html
388,http://www.foodnetwork.com/recipes/a-z.S.54.html
389,http://www.foodnetwork.com/recipes/a-z.S.55.html
390,http://www.foodnetwork.com/recipes/a-z.S.56.html
391,http://www.foodnetwork.com/recipes/a-z.S.57.html
392,http://www.foodnetwork.com/recipes/a-z.S.58.html
393,http://www.foodnetwork.com/recipes/a-z.S.59.html
394,http://www.foodnetwork.com/recipes/a-z.S.60.html
395,http://www.foodnetwork.com/recipes/a-z.S.61.html
396,http://www.foodnetwork.com/recipes/a-z.S.62.html
397,http://www.foodnetwork.com/recipes/a-z.S.63.html
398,http://www.foodnetwork.com/recipes/a-z.T.1.html
399,http://www.foodnetwork.com/recipes/a-z.T.2.html
400,http://www.foodnetwork.com/recipes/a-z.T.3.html
401,http://www.foodnetwork.com/recipes/a-z.T.4.html
402,http://www.foodnetwork.com/recipes/a-z.T.5.html
403,http://www.foodnetwork.com/recipes/a-z.T.6.html
404,http://www.foodnetwork.com/recipes/a-z.T.7.html
405,http://www.foodnetwork.com/recipes/a-z.T.8.html
406,http://www.foodnetwork.com/recipes/a-z.T.9.html
407,http://www.foodnetwork.com/recipes/a-z.T.10.html
408,http://www.foodnetwork.com/recipes/a-z.T.11.html
409,http://www.foodnetwork.com/recipes/a-z.T.12.html
410,http://www.foodnetwork.com/recipes/a-z.T.13.html
411,http://www.foodnetwork.com/recipes/a-z.T.14.html
412,http://www.foodnetwork.com/recipes/a-z.T.15.html
413,http://www.foodnetwork.com/recipes/a-z.T.16.html
414,http://www.foodnetwork.com/recipes/a-z.T.17.html
415,http://www.foodnetwork.com/recipes/a-z.T.18.html
416,http://www.foodnetwork.com/recipes/a-z.T.19.html
417,http://www.foodnetwork.com/recipes/a-z.T.20.html
418,http://www.foodnetwork.com/recipes/a-z.T.21.html
419,http://www.foodnetwork.com/recipes/a-z.T.22.html
420,http://www.foodnetwork.com/recipes/a-z.V.1.html
421,http://www.foodnetwork.com/recipes/a-z.V.2.html
422,http://www.foodnetwork.com/recipes/a-z.V.3.html
423,http://www.foodnetwork.com/recipes/a-z.V.4.html
424,http://www.foodnetwork.com/recipes/a-z.V.5.html
425,http://www.foodnetwork.com/recipes/a-z.V.6.html
426,http://www.foodnetwork.com/recipes/a-z.V.7.html
427,http://www.foodnetwork.com/recipes/a-z.W.1.html
428,http://www.foodnetwork.com/recipes/a-z.W.2.html
429,http://www.foodnetwork.com/recipes/a-z.W.3.html
430,http://www.foodnetwork.com/recipes/a-z.W.4.html
431,http://www.foodnetwork.com/recipes/a-z.W.5.html
432,http://www.foodnetwork.com/recipes/a-z.W.6.html
433,http://www.foodnetwork.com/recipes/a-z.W.7.html
434,http://www.foodnetwork.com/recipes/a-z.W.8.html
435,http://www.foodnetwork.com/recipes/a-z.W.9.html
436,http://www.foodnetwork.com/recipes/a-z.W.10.html
437,http://www.foodnetwork.com/recipes/a-z.W.11.html
438,http://www.foodnetwork.com/recipes/a-z.XYZ.1.html
439,http://www.foodnetwork.com/recipes/a-z.XYZ.2.html
440,http://www.foodnetwork.com/recipes/a-z.XYZ.3.html
