,index,0
0,1,Bourbon
1,2,Dessert
2,3,Apple
3,4,Side Dish
4,5,Sauce
5,6,Fruit
6,7,Easy
7,8,Whole Wheat
8,9,Pizza Dough
9,10,Heart Healthy
10,11,Beef
11,12,Main Dish
12,13,Roasting
13,14,Bacon
14,15,Salad
15,16,Ham
16,17,Frittata
17,18,Meat
18,19,Dinner
19,20,Pot Pie
20,21,Noodles
21,22,Pasta Dishes
22,23,Cheese
23,24,Quesadilla
24,25,Soup
25,26,Healthy
26,27,Artichoke
27,28,Pizza
28,29,Italian
29,30,Peanut Butter
30,31,Salad Dressing
31,32,Asian
32,33,Andouille
33,34,Jambalaya
34,35,Lasagna
35,36,Cream Cheese
36,37,Cookie
37,38,Rice
38,39,Vegetables
39,40,Breakfast
40,41,Chicken
41,42,Eggs
42,43,Meatloaf
43,44,Steak
44,45,Hummus
45,46,Onion
46,47,Shrimp
47,48,Rum
48,49,Mixed Drinks
49,50,Crab
50,51,Pancake
51,52,Nectarine
52,53,French
53,54,Shallot
54,55,Appetizer
55,56,Dip
56,57,Pork
57,58,Chinese
58,59,Sausage
59,60,Stuffing And Dressing
60,61,Beans And Legumes
61,62,Lunch
62,63,Jewish Cooking
63,64,Poultry
64,65,Spaghetti
65,66,Bolognese
66,67,Broccoli
67,68,Salmon
68,69,Grilling
69,70,Simmer
70,71,Broiling
71,72,Burgers
72,73,Potato
73,74,Sauteing
74,75,Eggplant
75,76,Sandwich
76,77,Carrot
77,78,Cupcake
78,79,Baking
79,80,Butternut Squash
80,81,Casserole
81,82,Cod
82,83,High Fiber
83,84,Lobster
84,85,Martini
85,86,Squid
86,87,European
87,88,Chorizo
88,89,Lemon
89,90,Cake
90,91,Oyster
91,92,Puree
92,93,Strawberry
93,94,Homemade Ice Cream
94,95,Spanish
95,96,Shepherds Pie
96,97,St Patricks Day
97,98,Tomato
98,99,Chili
99,100,Stew
100,101,Turkey
101,102,Pudding
102,103,Cheddar
103,104,Macaroni And Cheese
104,105,Sugar
105,106,Banana
106,107,Gluten Free
107,108,Dairy
108,109,Tequila
109,110,Mexican
110,111,Pie
111,112,Brunch
112,113,Ricotta
113,114,Cheesecake
114,115,American
115,116,Omelet
116,117,Lamb
117,118,Blueberry
118,119,Coconut
119,120,Lemonade
120,121,Peach
121,122,Chocolate
122,123,Jalapeno
123,124,Winter
124,125,Halibut
125,126,Bread Pudding
126,127,Lime
127,128,Halloween
128,129,Stir Frying
129,130,Oranges
130,131,Cajun
131,132,Sweet Potato
132,133,Fig
133,134,Frosting
134,135,Roast
135,136,Thai
136,137,Thanksgiving
137,138,Hot Dog
138,139,Oats
139,140,Oatmeal
140,141,Shellfish
141,142,Duck
142,143,Scallop
143,144,Fall
144,145,Bell Pepper
145,146,Anchovy
146,147,Bruschetta
147,148,Beets
148,149,Brownie
149,150,Indian
150,151,Fish
151,152,Hawaiian
152,153,Raisins
153,154,Deep Frying
154,155,Gnocchi
155,156,Pickles
156,157,Spring
157,158,Chile Pepper
158,159,Gin
159,160,Liqueur
160,161,Beverage
161,162,Smoothie
162,163,Blackberry
163,164,Margarita
164,165,Sorbet
165,166,Snapper
166,167,Holiday
167,168,Quail
168,169,Gelatin
169,170,Caribbean
170,171,Egg Noodle
171,172,Acorn Squash
172,173,Pastry
173,174,Risotto
174,175,Squash
175,176,Bass
176,177,Corn
177,178,Ribs
178,179,Caramelizing
179,180,Taco
180,181,Marinating
181,182,Salsa
182,183,Veal
183,184,Summer
184,185,Orzo
185,186,Pasta Salad
186,187,Christmas
187,188,Coffee
188,189,Nuts
189,190,African
190,191,Candy
191,192,Vodka
192,193,Snack
193,194,Fondue
194,195,Scone
195,196,Grains
196,197,Pineapples
197,198,Watermelon
198,199,Cucumber
199,200,Water Chestnut
200,201,Tuna
201,202,For A Crowd
202,203,Slaw
203,204,Zucchini
204,205,Tailgate Party
205,206,Fries
206,207,Okra
207,208,Pork Chop
208,209,Beer
209,210,Cuban
210,211,Grapes
211,212,Black Eyed Pea
212,213,Catfish
213,214,Sushi
214,215,Meatballs
215,216,Plantain
216,217,Hot Chocolate
217,218,Cornbread
218,219,Biscuit
219,220,Poaching
220,221,Parmesan Cheese
221,222,Mushroom
222,223,Spinach
223,224,Party
224,225,Olive
225,226,Raspberry
226,227,Barbecuing
227,228,Gouda
228,229,Mango
229,230,Cornmeal
230,231,Slow Cooker
231,232,Low Calorie
232,233,Bread
233,234,Apricot
234,235,Plum
235,236,Cherry
236,237,Cereal
237,238,Granola
238,239,French Toast
239,240,Brazilian
240,241,Buttermilk
241,242,Pie Crust
242,243,Pear
243,244,Bread Dishes
244,245,Wild Rice
245,246,Asparagus
246,247,Cranberry
247,248,Diabetic
248,249,Lettuce
249,250,Green Bean
250,251,Frozen Drinks
251,252,Waffle
252,253,Pumpkin
253,254,Cauliflower
254,255,Peas
255,256,Coffee Drinks
256,257,Soda
257,258,Prosecco
258,259,Polenta
259,260,Muffin
260,261,Avocado
261,262,Guacamole
262,263,Brussels Sprout
263,264,Chips
264,265,Southwestern
265,266,Gumbo
266,267,Crawfish
267,268,Southern
268,269,Mardi Gras
269,270,Clam
270,271,Goat Cheese
271,272,Cobbler
272,273,Cabbage
273,274,Mozzarella
274,275,Provolone
275,276,Arugula
276,277,Award Show
277,278,Punch
278,279,Baked Beans
279,280,Barley
280,281,Doughnuts
281,282,Cider
282,283,Panini
283,284,Crepe
284,285,Empanada
285,286,Couscous
286,287,Outdoor Party
287,288,Canadian
288,289,Whisky
289,290,Tea
290,291,Venison
291,292,For Two
292,293,Sparkling Wine
293,294,Brandy
294,295,Argentinean
295,296,Swordfish
296,297,Sangria
297,298,Vegetarian
298,299,Central American
299,300,Liquor
300,301,Pesto
301,302,Greek
302,303,Edamame
303,304,Celery
304,305,Trout
305,306,Mandarin Oranges
306,307,Mojito
307,308,Mahi Mahi
308,309,Mussel
309,310,Dinner Party
310,311,Quiche
311,312,Cocktail Party
312,313,Easter
313,314,Crab Cake
314,315,Caviar
315,316,Red Potato
316,317,Austrian
317,318,Tomatillos
318,319,Middle Eastern
319,320,Quinoa
320,321,Lima Bean
321,322,Curry
322,323,British
323,324,For Kids
324,325,Grits
325,326,Grilled Cheese
326,327,Lentil
327,328,Stuffed Mushrooms
328,329,Melon
329,330,Brie
330,331,Colby
331,332,Enchilada
332,333,Burrito
333,334,Irish
334,335,Tilapia
335,336,Make Ahead
336,337,Falafel
337,338,Yam
338,339,Flounder
339,340,Honey
340,341,Yuca
341,342,Daiquiri
342,343,Tangerine
343,344,Japanese
344,345,For One
345,346,Vietnamese
346,347,Tofu
347,348,Farro
348,349,Focaccia
349,350,Gruyere
350,351,Super Bowl
351,352,Wedding
352,353,Fajita
353,354,Comfort Food
354,355,Russian
355,356,Onion Rings
356,357,Valentines Day
357,358,Peruvian
358,359,Pomegranate
359,360,Korean
360,361,Scandinavian
361,362,Cheese Ball
362,363,Papaya
363,364,Queso
364,365,Wine
365,366,Fudge
366,367,Blue Cheese
367,368,Kahlua
368,369,Microwaving
369,370,Latin American
370,371,Grouper
371,372,Rhubarb
372,373,Buckwheat
373,374,Vegan
374,375,Collard Greens
375,376,4th Of July
376,377,Rye Flour
377,378,Budget Friendly
378,379,Goose
379,380,Leek
380,381,Radish
381,382,Turnip
382,383,Grapefruit
383,384,Sturgeon
384,385,Feta
385,386,Tortellini
386,387,Macadamia Nut
387,388,Polish
388,389,Portuguese
389,390,Alfredo
390,391,Persimmon
391,392,Fathers Day
392,393,Cannoli
393,394,Cantaloupe
394,395,Rutabaga
395,396,Monterey Jack
396,397,Birthday Party
397,398,Cacciatore
398,399,No Cook
399,400,Passover
400,401,Mothers Day
401,402,Minestrone
402,403,Puerto Rican
403,404,Jamaican
404,405,Memorial Day
405,406,Swiss Cheese
406,407,Kiwi
407,408,Guava
408,409,Swedish
409,410,Penne
410,411,Pheasant
411,412,Filipino
412,413,Rockfish
413,414,Low Cholesterol
414,415,Honeydew
415,416,Rosh Hashanah
416,417,Millet
417,418,Lebanese
418,419,Low Fat
419,420,Labor Day
420,421,Low Carbohydrate
421,422,Venezuelan
422,423,Eel
423,424,Turkish
